id;first_name;last_name;email;middle_name;phone_number;hire_date;salary;commission_pct
1;Lola;Rodriguez;Lily.Kihn75@yahoo.com;repurpose modular;Concrete system;2021-02-22T10:38:38;64912;11488
2;Johnathon;Hamill;Bert.Crooks@yahoo.com;Handmade silver;Small maximized bandwidth-monitored;2021-02-22T12:06:33;48050;90233
3;Michelle;Quitzon;Laurence.Funk34@yahoo.com;Berkshire reinvent;orchestrate Unbranded Granite Bacon Germany;2021-02-21T16:13:07;32513;52932
4;Adam;Conroy;Quinten.White@yahoo.com;infrastructures Plastic;Concrete;2021-02-22T05:52:44;66828;95916
5;Christopher;Ritchie;Kaela.Kihn@yahoo.com;Accounts deposit Decentralized;Uzbekistan Fish;2021-02-22T04:25:06;25912;17463
6;Trever;Hilll;Jovanny.Okuneva@hotmail.com;Group;24 hour;2021-02-22T12:12:50;52896;63673
7;Johann;Willms;Dejon3@yahoo.com;Peso Uruguayo Uruguay Peso en Unidades Indexadas;initiatives bluetooth Officer;2021-02-22T09:04:13;24173;18263
8;Hope;Turcotte;Ada13@hotmail.com;Secured;Sleek Concrete Table quantify Kids;2021-02-22T00:05:09;9465;5509
9;Susana;Hane;Casper65@gmail.com;Chair deposit;Personal Loan Account;2021-02-22T01:50:40;16882;29075
10;Theodore;Mohr;Beverly.Robel@hotmail.com;Corners;Hungary open architecture;2021-02-22T01:29:40;53464;22443
